,epoch,loss,train acc,test acc,time
0,1,0.012467166243446591,0.5329512893982808,0.5594405594405595,0.05884957313537598
1,2,0.009279931172258874,0.7249283667621776,0.6363636363636364,0.059051513671875
2,3,0.007097649283941974,0.830945558739255,0.7016317016317016,0.05657696723937988
3,4,0.005671539245157324,0.9054441260744985,0.7435897435897436,0.05819296836853027
4,5,0.004115474856002283,0.9656160458452722,0.7715617715617715,0.059548377990722656
5,6,0.003461480183382772,0.9742120343839542,0.7832167832167832,0.058268070220947266
6,7,0.0030512469887391887,0.9828080229226361,0.7855477855477856,0.057068824768066406
7,8,0.002436060447747523,0.9914040114613181,0.7832167832167832,0.04732465744018555
8,9,0.002230295116204587,0.9856733524355301,0.7855477855477856,0.04660749435424805
9,10,0.0017320179623314166,0.994269340974212,0.8018648018648019,0.058194875717163086
10,11,0.0015079151294634472,1.0,0.8111888111888111,0.059337615966796875
11,12,0.0014536392936392295,1.0,0.8158508158508159,0.0581357479095459
12,13,0.0012926033625971622,0.997134670487106,0.8135198135198135,0.0459592342376709
13,14,0.0011305739852282243,1.0,0.8158508158508159,0.04890584945678711
14,15,0.0011020431076216493,1.0,0.8158508158508159,0.047966718673706055
15,16,0.0007715057421550368,1.0,0.8158508158508159,0.04751729965209961
16,17,0.0007560748745684638,1.0,0.8181818181818182,0.05674576759338379
17,18,0.0007587374537585458,1.0,0.8205128205128205,0.057006120681762695
18,19,0.0006922357382098036,1.0,0.8181818181818182,0.048554182052612305
19,20,0.0008144633988596307,1.0,0.8158508158508159,0.047842979431152344
20,21,0.0006159632480076186,1.0,0.8181818181818182,0.04644918441772461
21,22,0.0004846462259405322,1.0,0.8205128205128205,0.04796886444091797
22,23,0.0005033683394719673,1.0,0.8251748251748252,0.05958747863769531
23,24,0.0005070897977382884,1.0,0.8251748251748252,0.048368215560913086
24,25,0.0005335858716151775,1.0,0.8275058275058275,0.05701923370361328
25,26,0.0004616215302045844,1.0,0.8228438228438228,0.04665541648864746
26,27,0.000396311811483692,1.0,0.8158508158508159,0.04684948921203613
27,28,0.000387885380952611,1.0,0.8251748251748252,0.04739642143249512
28,29,0.0003929422196950817,1.0,0.8251748251748252,0.04757356643676758
29,30,0.0002860733198487656,1.0,0.8228438228438228,0.04660344123840332
30,31,0.00031985264581049067,1.0,0.8205128205128205,0.04647397994995117
31,32,0.00029434948988835244,1.0,0.8228438228438228,0.04788351058959961
32,33,0.0003392426563923202,1.0,0.8228438228438228,0.04963111877441406
33,34,0.0003220761184150988,1.0,0.8228438228438228,0.04597330093383789
34,35,0.00030107178156901906,1.0,0.8228438228438228,0.047805070877075195
35,36,0.00036602128393158187,1.0,0.8228438228438228,0.0471498966217041
36,37,0.00021641384970322037,1.0,0.8251748251748252,0.04721236228942871
37,38,0.00024063921504170985,1.0,0.8251748251748252,0.04757976531982422
38,39,0.0001979681868693207,1.0,0.8251748251748252,0.047287702560424805
39,40,0.0002280524384796107,1.0,0.8251748251748252,0.04678487777709961
40,41,0.00023586666718509615,1.0,0.8251748251748252,0.04850053787231445
41,42,0.00026303957507313154,1.0,0.8251748251748252,0.04753303527832031
42,43,0.00019310281497231528,1.0,0.8251748251748252,0.046707868576049805
43,44,0.00018786157569434375,1.0,0.8251748251748252,0.04731011390686035
44,45,0.00024020311323909841,1.0,0.8251748251748252,0.04834318161010742
45,46,0.00013661329743898019,1.0,0.8275058275058275,0.04762411117553711
46,47,0.00017834831840414714,1.0,0.8298368298368298,0.057401418685913086
47,48,0.00017673191067397082,1.0,0.8321678321678322,0.05888676643371582
48,49,0.00011964094422138523,1.0,0.8321678321678322,0.04696345329284668
49,50,0.00019742819323153755,1.0,0.8321678321678322,0.0477144718170166
50,51,0.0001491184551855896,1.0,0.8321678321678322,0.050252437591552734
51,52,0.00010397820133064742,1.0,0.8321678321678322,0.04492616653442383
52,53,0.00013490413104779057,1.0,0.8321678321678322,0.04757213592529297
53,54,0.00011406856239439765,1.0,0.8298368298368298,0.0475001335144043
54,55,0.00012504020945988274,1.0,0.8298368298368298,0.04681396484375
55,56,9.652891964851786e-05,1.0,0.8321678321678322,0.0477910041809082
56,57,8.646128392300667e-05,1.0,0.8298368298368298,0.047222137451171875
57,58,0.00010037995917578481,1.0,0.8298368298368298,0.04703521728515625
58,59,9.116675120306049e-05,1.0,0.8298368298368298,0.047202348709106445
59,60,7.067969866780122e-05,1.0,0.8275058275058275,0.04652738571166992
60,61,7.584548013599691e-05,1.0,0.8158508158508159,0.04730558395385742
61,62,7.070372492224405e-05,1.0,0.8135198135198135,0.04743766784667969
62,63,7.817109601097155e-05,1.0,0.8135198135198135,0.04783320426940918
63,64,7.216442699269272e-05,1.0,0.8135198135198135,0.046877384185791016
64,65,8.902559990869211e-05,1.0,0.8088578088578089,0.04878878593444824
65,66,6.611575505944411e-05,1.0,0.8088578088578089,0.04789113998413086
66,67,8.929715849416474e-05,1.0,0.8111888111888111,0.04749488830566406
67,68,7.292721020244596e-05,1.0,0.8111888111888111,0.04777407646179199
68,69,4.7931162757868414e-05,1.0,0.8111888111888111,0.04738664627075195
69,70,5.625234716665267e-05,1.0,0.8135198135198135,0.047228097915649414
70,71,5.7102898522720464e-05,1.0,0.8111888111888111,0.04701089859008789
71,72,6.883797592037814e-05,1.0,0.8135198135198135,0.047508955001831055
72,73,6.0784403984581674e-05,1.0,0.8111888111888111,0.047505855560302734
73,74,6.415211144610598e-05,1.0,0.8251748251748252,0.045719146728515625
74,75,6.299889993381534e-05,1.0,0.8275058275058275,0.047979116439819336
75,76,5.0612023489864645e-05,1.0,0.8275058275058275,0.04813361167907715
76,77,6.829526937195769e-05,1.0,0.8275058275058275,0.048348188400268555
77,78,8.178443346375381e-05,1.0,0.8251748251748252,0.04766535758972168
78,79,9.108149282431448e-05,1.0,0.8158508158508159,0.04759359359741211
79,80,0.00010187588872275927,1.0,0.8111888111888111,0.0485231876373291
80,81,6.266144093627746e-05,1.0,0.8065268065268065,0.046914100646972656
81,82,6.047609384921526e-05,1.0,0.8065268065268065,0.046441078186035156
82,83,4.791029339341345e-05,1.0,0.7925407925407926,0.04878354072570801
83,84,5.397462502207319e-05,1.0,0.7948717948717948,0.04756045341491699
84,85,5.90454429430743e-05,1.0,0.7925407925407926,0.047937870025634766
85,86,7.215955622899839e-05,1.0,0.7995337995337995,0.0462489128112793
86,87,8.707619965994426e-05,1.0,0.7972027972027972,0.04551863670349121
87,88,4.752058593188026e-05,1.0,0.7972027972027972,0.046643972396850586
88,89,9.04203485297226e-05,1.0,0.8135198135198135,0.04667162895202637
89,90,5.467741464646293e-05,1.0,0.8181818181818182,0.04751229286193848
90,91,3.907012480996912e-05,1.0,0.8181818181818182,0.047842979431152344
91,92,4.3055695417553275e-05,1.0,0.8251748251748252,0.048514604568481445
92,93,3.1954713264496246e-05,1.0,0.8228438228438228,0.04789423942565918
93,94,4.222437493866016e-05,1.0,0.8205128205128205,0.04723238945007324
94,95,5.2064149520415975e-05,1.0,0.8228438228438228,0.04767608642578125
95,96,2.7989330541417217e-05,1.0,0.8228438228438228,0.04732036590576172
96,97,3.0149353793515347e-05,1.0,0.8275058275058275,0.04795241355895996
97,98,2.6012135384054615e-05,1.0,0.8298368298368298,0.045278310775756836
98,99,5.2687688330375193e-05,1.0,0.8344988344988346,0.05926346778869629
99,100,6.76525665652594e-05,1.0,0.8181818181818182,0.04874682426452637
100,101,4.9334935400965905e-05,1.0,0.7948717948717948,0.04657387733459473
101,102,7.780591815838158e-05,1.0,0.7972027972027972,0.04789113998413086
102,103,5.1436673937883114e-05,1.0,0.8111888111888111,0.04779982566833496
103,104,4.385610145748857e-05,1.0,0.8065268065268065,0.04831504821777344
104,105,4.46108947067727e-05,1.0,0.7692307692307693,0.04688405990600586
105,106,7.02624174534079e-05,1.0,0.7878787878787878,0.0485072135925293
106,107,9.839257117318133e-05,1.0,0.7715617715617715,0.047884464263916016
107,108,5.633835073688566e-05,1.0,0.7692307692307693,0.04760384559631348
108,109,4.748770010452131e-05,1.0,0.7902097902097902,0.04662656784057617
109,110,5.352957658523048e-05,1.0,0.7925407925407926,0.04696393013000488
110,111,3.8772644968783446e-05,1.0,0.8228438228438228,0.047322988510131836
111,112,7.358841220434638e-05,1.0,0.8041958041958042,0.046753644943237305
112,113,4.9149530825010344e-05,1.0,0.8065268065268065,0.04679679870605469
113,114,2.4662233347388086e-05,1.0,0.8041958041958042,0.048876285552978516
114,115,8.611008124612806e-05,1.0,0.7785547785547785,0.04845261573791504
115,116,3.4291625094938926e-05,1.0,0.7738927738927739,0.04718327522277832
116,117,3.2032236528921775e-05,1.0,0.7505827505827506,0.04849052429199219
117,118,2.6640481913307507e-05,1.0,0.7505827505827506,0.048777103424072266
118,119,6.847675268626358e-05,1.0,0.752913752913753,0.04649472236633301
119,120,8.42589875656503e-05,1.0,0.745920745920746,0.04626774787902832
120,121,5.7386879523666336e-05,1.0,0.7622377622377622,0.04658865928649902
121,122,0.00013369319087860407,0.997134670487106,0.7622377622377622,0.04720020294189453
122,123,8.566778041102141e-05,1.0,0.7505827505827506,0.04754638671875
123,124,0.00031079624460631167,0.997134670487106,0.7855477855477856,0.04835987091064453
124,125,0.00011458486468026836,1.0,0.7878787878787878,0.04642677307128906
125,126,0.0001642382330125075,0.997134670487106,0.7599067599067599,0.04725813865661621
126,127,0.00017825552838771766,0.997134670487106,0.7832167832167832,0.04668450355529785
127,128,0.00014114549468914554,1.0,0.7762237762237763,0.04883456230163574
128,129,0.00023014356987951137,0.997134670487106,0.8018648018648019,0.05070066452026367
129,130,0.0002298752142164461,0.994269340974212,0.7832167832167832,0.04730653762817383
130,131,0.000294296252394474,0.997134670487106,0.8065268065268065,0.04657554626464844
131,132,0.00016428075896250484,0.997134670487106,0.8158508158508159,0.047926902770996094
132,133,0.00021340594731036436,0.997134670487106,0.8135198135198135,0.04743218421936035
133,134,0.00021990551413130283,1.0,0.8135198135198135,0.04750704765319824
134,135,0.00012770164184229592,0.997134670487106,0.8158508158508159,0.04862189292907715
135,136,8.629006967428848e-05,1.0,0.8181818181818182,0.04727768898010254
136,137,0.0002528874071469707,0.994269340974212,0.8158508158508159,0.04830336570739746
137,138,9.909774581061137e-05,1.0,0.8111888111888111,0.04769587516784668
138,139,0.00016662281775115895,0.997134670487106,0.8158508158508159,0.046289682388305664
139,140,7.520130579293115e-05,1.0,0.8158508158508159,0.04779195785522461
140,141,0.00011440051017718704,1.0,0.8158508158508159,0.048356056213378906
141,142,0.00019676093229581,0.997134670487106,0.8065268065268065,0.04664444923400879
142,143,0.00018309356570030353,0.997134670487106,0.8228438228438228,0.04774045944213867
143,144,0.00011033942738820113,0.997134670487106,0.8275058275058275,0.04867196083068848
144,145,0.00013494549984950305,0.997134670487106,0.8228438228438228,0.046572208404541016
145,146,6.294592595886023e-05,1.0,0.8344988344988346,0.047220706939697266
146,147,0.00013511337074357749,0.997134670487106,0.8391608391608392,0.05773496627807617
147,148,0.00010945910806727614,1.0,0.8368298368298368,0.046277523040771484
148,149,2.9262175642082034e-05,1.0,0.8251748251748252,0.04712176322937012
149,150,9.503797461201348e-05,0.997134670487106,0.8228438228438228,0.04677605628967285
150,151,0.00013907917342909258,0.994269340974212,0.8275058275058275,0.04721832275390625
151,152,6.686763025361265e-05,1.0,0.8111888111888111,0.04877066612243652
152,153,0.0001033949048623955,0.997134670487106,0.8088578088578089,0.04837226867675781
153,154,0.00020535188569636604,0.994269340974212,0.8018648018648019,0.04726243019104004
154,155,4.286097561444201e-05,1.0,0.8321678321678322,0.048200130462646484
155,156,0.00010679179871252025,1.0,0.8111888111888111,0.046662092208862305
156,157,0.00013822903869977824,1.0,0.8181818181818182,0.04718589782714844
157,158,0.00013129460161023462,0.997134670487106,0.7948717948717948,0.04834938049316406
158,159,9.184913178719046e-05,1.0,0.7599067599067599,0.04711341857910156
159,160,7.602720945689261e-05,1.0,0.7692307692307693,0.04600930213928223
160,161,5.961973440264989e-05,1.0,0.7902097902097902,0.047486066818237305
161,162,5.324973299816507e-05,1.0,0.7878787878787878,0.04943704605102539
162,163,6.213508356885617e-05,1.0,0.7878787878787878,0.048619985580444336
163,164,9.931185777114976e-05,1.0,0.7925407925407926,0.04672360420227051
164,165,6.252083124160596e-05,1.0,0.7762237762237763,0.0477597713470459
165,166,7.852974726703755e-05,1.0,0.7948717948717948,0.046053409576416016
166,167,5.391711101635095e-05,1.0,0.8018648018648019,0.04863548278808594
167,168,4.987836679320964e-05,1.0,0.8065268065268065,0.046558380126953125
168,169,7.000860836847891e-05,1.0,0.8088578088578089,0.04766654968261719
169,170,4.716101552848104e-05,1.0,0.8391608391608392,0.04772806167602539
170,171,3.979736698903464e-05,1.0,0.8321678321678322,0.047245025634765625
171,172,3.5424235431653554e-05,1.0,0.8298368298368298,0.048975229263305664
172,173,0.00017330246606580166,0.997134670487106,0.8321678321678322,0.046851396560668945
173,174,3.0793063892958884e-05,1.0,0.8344988344988346,0.047544002532958984
174,175,4.194359902831536e-05,1.0,0.8228438228438228,0.04767799377441406
175,176,1.668726510360282e-05,1.0,0.8298368298368298,0.048709869384765625
176,177,6.550229251261982e-05,1.0,0.8321678321678322,0.047821998596191406
177,178,0.00011037640443023689,0.997134670487106,0.8298368298368298,0.05270528793334961
178,179,6.157442938034719e-05,1.0,0.8275058275058275,0.05176377296447754
179,180,7.001002586678867e-05,1.0,0.8158508158508159,0.05100107192993164
180,181,5.835603757822795e-05,1.0,0.8321678321678322,0.05231499671936035
181,182,2.531430475216327e-05,1.0,0.8298368298368298,0.0505061149597168
182,183,7.268423441381202e-05,1.0,0.8298368298368298,0.05128622055053711
183,184,7.747123786781977e-05,1.0,0.8275058275058275,0.048621177673339844
184,185,2.9602951142018965e-05,1.0,0.8275058275058275,0.05165743827819824
185,186,3.576231253117238e-05,1.0,0.8368298368298368,0.051216840744018555
186,187,3.6257091825587785e-05,1.0,0.8391608391608392,0.05057573318481445
187,188,6.195258403885416e-05,1.0,0.8414918414918415,0.0611264705657959
188,189,2.1003422368702112e-05,1.0,0.8414918414918415,0.050314903259277344
189,190,1.9168268914539955e-05,1.0,0.8181818181818182,0.05019187927246094
190,191,4.125118787990173e-05,1.0,0.8205128205128205,0.04788780212402344
191,192,1.969860591805596e-05,1.0,0.8135198135198135,0.05036473274230957
192,193,1.3561894981067808e-05,1.0,0.8251748251748252,0.052634477615356445
193,194,3.408362010205672e-05,1.0,0.8065268065268065,0.05447673797607422
194,195,1.5139949700146658e-05,1.0,0.8041958041958042,0.05128216743469238
195,196,2.9563980529292947e-05,1.0,0.8088578088578089,0.05142617225646973
196,197,3.5895759014300685e-05,1.0,0.8205128205128205,0.04962301254272461
197,198,1.2570644367251407e-05,1.0,0.8135198135198135,0.04998350143432617
198,199,2.070505081617239e-05,1.0,0.8181818181818182,0.05194425582885742
199,200,1.4418710915793405e-05,1.0,0.8158508158508159,0.049813270568847656
200,201,2.5552098557918752e-05,1.0,0.8205128205128205,0.04917335510253906
201,202,3.972008789657351e-05,1.0,0.8158508158508159,0.04841423034667969
202,203,3.822224458511438e-05,1.0,0.7995337995337995,0.05139446258544922
203,204,3.472253761786626e-05,1.0,0.8111888111888111,0.04975533485412598
204,205,5.778844733815907e-05,1.0,0.8321678321678322,0.051577091217041016
205,206,1.692210090944389e-05,1.0,0.7948717948717948,0.051375627517700195
206,207,7.15034209621435e-05,1.0,0.7785547785547785,0.05056428909301758
207,208,3.1377960404749416e-05,1.0,0.7668997668997669,0.04926037788391113
208,209,2.8003195889779823e-05,1.0,0.7645687645687645,0.05141043663024902
209,210,2.2680414266841632e-05,1.0,0.7692307692307693,0.048833608627319336
210,211,3.265936086407961e-05,1.0,0.7808857808857809,0.04997587203979492
211,212,1.7552643902279587e-05,1.0,0.7785547785547785,0.05186939239501953
212,213,3.935483866037646e-05,1.0,0.8065268065268065,0.04925942420959473
213,214,3.398750290904397e-05,1.0,0.8018648018648019,0.05151844024658203
214,215,6.212893607265671e-05,1.0,0.8041958041958042,0.05118870735168457
215,216,2.9155104567849193e-05,1.0,0.8065268065268065,0.04954409599304199
216,217,4.170252607980567e-05,1.0,0.8041958041958042,0.049796342849731445
217,218,3.699215184390161e-05,1.0,0.7855477855477856,0.050679683685302734
218,219,1.9240268538799405e-05,1.0,0.7855477855477856,0.05096769332885742
219,220,2.732668602358774e-05,1.0,0.7855477855477856,0.050508975982666016
220,221,4.786171718236368e-05,1.0,0.7878787878787878,0.04894256591796875
221,222,6.306082588009387e-05,1.0,0.7785547785547785,0.04793524742126465
222,223,3.761875089244613e-05,1.0,0.7948717948717948,0.05165982246398926
223,224,7.456249831295052e-05,1.0,0.8041958041958042,0.05070376396179199
224,225,4.6327725329028073e-05,1.0,0.8018648018648019,0.05008697509765625
225,226,0.0001314094559994011,0.997134670487106,0.7972027972027972,0.048906803131103516
226,227,5.432578900503395e-05,1.0,0.7365967365967366,0.05153703689575195
227,228,0.00042022933484986424,0.994269340974212,0.7249417249417249,0.049910783767700195
228,229,0.00031975805919542695,0.994269340974212,0.8041958041958042,0.05100846290588379
229,230,0.0003240123247049941,0.9914040114613181,0.8251748251748252,0.05064034461975098
230,231,0.0002317732486228077,1.0,0.8111888111888111,0.05118370056152344
231,232,0.0004421356694511322,0.9885386819484241,0.7692307692307693,0.051816463470458984
232,233,0.0008543989725176106,0.9856733524355301,0.745920745920746,0.0500178337097168
233,234,0.00048470313802233397,0.9914040114613181,0.7249417249417249,0.05034327507019043
234,235,0.0005091528066655456,0.9885386819484241,0.7692307692307693,0.048531293869018555
235,236,0.00026435533373010873,1.0,0.7435897435897436,0.05097699165344238
236,237,0.00024439808232096,1.0,0.7412587412587412,0.05243992805480957
237,238,0.0002079359709383936,0.997134670487106,0.7342657342657343,0.04879260063171387
238,239,0.000169637362155156,1.0,0.7412587412587412,0.04917478561401367
239,240,0.0005079777097398879,0.9856733524355301,0.745920745920746,0.049375295639038086
240,241,0.00037344695631959035,0.9914040114613181,0.7342657342657343,0.04927968978881836
241,242,0.0001766923941767916,1.0,0.7016317016317016,0.049742698669433594
242,243,0.00011991791061544657,1.0,0.7156177156177156,0.05042076110839844
243,244,8.891334384946649e-05,1.0,0.6993006993006993,0.05294942855834961
244,245,0.00031504155797777125,0.994269340974212,0.7272727272727273,0.05270266532897949
245,246,5.969338660744849e-05,1.0,0.6923076923076923,0.04884529113769531
246,247,0.00011974395210067488,0.997134670487106,0.6876456876456877,0.057611942291259766
247,248,0.00018044489563941784,1.0,0.7016317016317016,0.05719184875488281
248,249,0.0001699550385536215,0.994269340974212,0.703962703962704,0.059769392013549805
249,250,8.549481726392975e-05,1.0,0.7272727272727273,0.053388118743896484
250,251,8.725491085524716e-05,1.0,0.7365967365967366,0.05450558662414551
251,252,0.00016747270097000722,0.997134670487106,0.745920745920746,0.06014871597290039
252,253,0.00010944220282799194,0.997134670487106,0.7622377622377622,0.054628849029541016
253,254,0.00014569767768145205,0.997134670487106,0.7645687645687645,0.058669328689575195
254,255,5.002729134383294e-05,1.0,0.7389277389277389,0.06217765808105469
255,256,3.768187509929724e-05,1.0,0.7412587412587412,0.054593563079833984
256,257,9.801269830458058e-05,0.997134670487106,0.7226107226107226,0.05728554725646973
257,258,5.57362683715144e-05,1.0,0.7249417249417249,0.06085991859436035
258,259,4.120023165933553e-05,1.0,0.717948717948718,0.05248141288757324
259,260,4.71744356466121e-05,1.0,0.717948717948718,0.058507680892944336
260,261,8.398978163709699e-05,1.0,0.7342657342657343,0.06114912033081055
261,262,3.1549175654172386e-05,1.0,0.7249417249417249,0.0545649528503418
262,263,3.649003938491587e-05,1.0,0.7319347319347319,0.05654501914978027
263,264,4.131671369481394e-05,1.0,0.7272727272727273,0.06312108039855957
264,265,3.3982537245180425e-05,1.0,0.7482517482517482,0.0505366325378418
265,266,5.599427007587045e-05,1.0,0.7482517482517482,0.05699777603149414
266,267,4.743613512188538e-05,1.0,0.745920745920746,0.06448507308959961
267,268,4.0158762177585873e-05,1.0,0.7575757575757576,0.05412030220031738
268,269,8.548010990589344e-05,0.997134670487106,0.7599067599067599,0.05775308609008789
269,270,2.5816098820247332e-05,1.0,0.7668997668997669,0.06433629989624023
270,271,2.7780360869134652e-05,1.0,0.7762237762237763,0.053446054458618164
271,272,3.70865544960714e-05,1.0,0.7715617715617715,0.06044149398803711
272,273,2.4282268747516553e-05,1.0,0.7738927738927739,0.06500554084777832
273,274,4.6507731603090264e-05,1.0,0.7715617715617715,0.053227901458740234
274,275,4.378091267051234e-05,1.0,0.7599067599067599,0.058725833892822266
275,276,3.504731130644807e-05,1.0,0.7599067599067599,0.0635690689086914
276,277,2.592041378675354e-05,1.0,0.752913752913753,0.05419111251831055
277,278,1.4124253286411692e-05,1.0,0.7505827505827506,0.056617021560668945
278,279,8.887446763655732e-05,0.997134670487106,0.7599067599067599,0.056555986404418945
279,280,8.486330617261907e-05,1.0,0.7645687645687645,0.059720754623413086
280,281,2.312627402507836e-05,1.0,0.7622377622377622,0.05540299415588379
281,282,4.247087879536038e-05,1.0,0.7599067599067599,0.053281545639038086
282,283,2.2322242014793237e-05,1.0,0.7622377622377622,0.059007883071899414
283,284,2.4472561599499942e-05,1.0,0.7692307692307693,0.04958033561706543
284,285,0.0001329390475036774,0.997134670487106,0.7505827505827506,0.06242656707763672
285,286,3.113263245954853e-05,1.0,0.7412587412587412,0.060132741928100586
286,287,2.030136742839926e-05,1.0,0.7296037296037297,0.05118203163146973
287,288,3.456711378162006e-05,1.0,0.7296037296037297,0.06505370140075684
288,289,0.00012013826947552513,1.0,0.7342657342657343,0.05465960502624512
289,290,4.508092323649024e-05,1.0,0.7365967365967366,0.05130434036254883
290,291,5.026970857241989e-05,1.0,0.7296037296037297,0.06089973449707031
291,292,4.627434323331005e-05,1.0,0.7319347319347319,0.05697298049926758
292,293,8.879348493573445e-05,1.0,0.7365967365967366,0.05249738693237305
293,294,2.275747603958307e-05,1.0,0.7575757575757576,0.0642397403717041
294,295,2.4239913250898735e-05,1.0,0.7785547785547785,0.05483245849609375
295,296,3.601034571494064e-05,1.0,0.7692307692307693,0.052727460861206055
296,297,3.362595578015149e-05,1.0,0.7296037296037297,0.062471628189086914
297,298,2.8254660740387985e-05,1.0,0.7365967365967366,0.0591425895690918
298,299,0.000289399739565664,0.994269340974212,0.7715617715617715,0.04967641830444336
299,300,2.9329220360054243e-05,1.0,0.7715617715617715,0.0665132999420166
300,301,0.00019786683882567978,0.997134670487106,0.8205128205128205,0.052548885345458984
301,302,9.891270866009132e-05,0.997134670487106,0.8018648018648019,0.054522037506103516
302,303,5.700462964766347e-05,1.0,0.8088578088578089,0.06341409683227539
303,304,7.55347059319132e-05,1.0,0.8065268065268065,0.05201101303100586
304,305,8.435415192093583e-05,1.0,0.8065268065268065,0.05362534523010254
305,306,0.00014947298787438168,0.997134670487106,0.8228438228438228,0.05882072448730469
306,307,9.472137063549548e-05,1.0,0.8135198135198135,0.05887794494628906
307,308,0.000207489358399992,0.997134670487106,0.8228438228438228,0.05736231803894043
308,309,0.0001325448614713285,0.997134670487106,0.8205128205128205,0.05284476280212402
309,310,0.0002481660493422716,0.994269340974212,0.8414918414918415,0.06145191192626953
310,311,0.00035368868337949487,0.994269340974212,0.8158508158508159,0.050399065017700195
311,312,0.00020037404625785984,0.997134670487106,0.8088578088578089,0.058596134185791016
312,313,0.0002627777636857079,0.9914040114613181,0.8298368298368298,0.05722808837890625
313,314,0.00027575777285868423,0.994269340974212,0.8205128205128205,0.05478048324584961
314,315,0.00016398274908135818,0.997134670487106,0.8228438228438228,0.05132699012756348
315,316,0.0001518292883597848,1.0,0.8181818181818182,0.06152629852294922
316,317,0.00014414189297994092,1.0,0.8065268065268065,0.05495166778564453
317,318,0.00024376395005028278,0.997134670487106,0.7832167832167832,0.05226540565490723
318,319,6.584757018332666e-05,1.0,0.7832167832167832,0.06617403030395508
319,320,9.147183406553672e-05,1.0,0.7808857808857809,0.060565948486328125
320,321,0.00019627739141633824,0.994269340974212,0.7855477855477856,0.05441117286682129
321,322,0.00012752636439863454,0.997134670487106,0.7855477855477856,0.06125068664550781
322,323,0.00020002967472532417,0.997134670487106,0.7715617715617715,0.05902695655822754
323,324,0.00012370048192220293,1.0,0.7668997668997669,0.05392742156982422
324,325,8.596958830034665e-05,0.997134670487106,0.7668997668997669,0.06634187698364258
325,326,9.318464302209695e-05,1.0,0.7482517482517482,0.05550861358642578
326,327,6.872901651624024e-05,1.0,0.7505827505827506,0.05487847328186035
327,328,0.00010380690068775057,1.0,0.7482517482517482,0.0584566593170166
328,329,6.986513198820346e-05,1.0,0.7832167832167832,0.06501579284667969
329,330,7.466815497437999e-05,1.0,0.7808857808857809,0.056298017501831055
330,331,0.00010977559679596121,1.0,0.7808857808857809,0.05616188049316406
331,332,4.46746219216411e-05,1.0,0.7808857808857809,0.061949729919433594
332,333,7.224607749716686e-05,1.0,0.7645687645687645,0.05314135551452637
333,334,4.836907283400311e-05,1.0,0.7738927738927739,0.05825543403625488
334,335,7.435840182273213e-05,1.0,0.7738927738927739,0.05878806114196777
335,336,6.231675284746554e-05,1.0,0.7692307692307693,0.059220075607299805
336,337,4.6574138371770224e-05,1.0,0.7692307692307693,0.05403566360473633
337,338,9.846456854585505e-05,1.0,0.7832167832167832,0.0647284984588623
338,339,2.905967902861813e-05,1.0,0.7878787878787878,0.06111741065979004
339,340,2.6705313822852293e-05,1.0,0.7902097902097902,0.052525997161865234
340,341,6.0734208633210566e-05,1.0,0.7878787878787878,0.06489109992980957
341,342,6.603031121674701e-05,1.0,0.8041958041958042,0.05668449401855469
342,343,8.367289412756021e-05,0.997134670487106,0.7925407925407926,0.0536954402923584
343,344,3.21101288866241e-05,1.0,0.7925407925407926,0.06472516059875488
344,345,3.676466896655011e-05,1.0,0.7995337995337995,0.05874156951904297
345,346,8.190330701685353e-05,0.997134670487106,0.7948717948717948,0.04862713813781738
346,347,8.942456055368512e-05,1.0,0.7878787878787878,0.06450867652893066
347,348,2.137173309436543e-05,1.0,0.7832167832167832,0.06025099754333496
348,349,4.71147954768173e-05,1.0,0.7785547785547785,0.05224609375
349,350,4.8473339599896125e-05,1.0,0.7692307692307693,0.06401252746582031
350,351,0.00011134080671876093,1.0,0.7692307692307693,0.0580751895904541
351,352,3.4747937297912846e-05,1.0,0.7738927738927739,0.05033707618713379
352,353,2.4990263204210383e-05,1.0,0.7925407925407926,0.06541252136230469
353,354,3.533457011587512e-05,1.0,0.7878787878787878,0.05630850791931152
354,355,5.956920890209604e-05,1.0,0.7855477855477856,0.05270671844482422
355,356,2.792256368580341e-05,1.0,0.8065268065268065,0.06578469276428223
356,357,2.716119197013129e-05,1.0,0.8088578088578089,0.05219864845275879
357,358,9.669059809807016e-05,1.0,0.8041958041958042,0.05338716506958008
358,359,4.4025608837433736e-05,1.0,0.7995337995337995,0.0648808479309082
359,360,4.340960299943102e-05,1.0,0.8018648018648019,0.05442929267883301
360,361,2.7740313831642055e-05,1.0,0.7808857808857809,0.05616950988769531
361,362,2.4017991790318472e-05,1.0,0.7785547785547785,0.06205582618713379
362,363,2.920851284867542e-05,1.0,0.7832167832167832,0.05940532684326172
363,364,3.559145586762609e-05,1.0,0.7832167832167832,0.051279544830322266
364,365,6.90937460530923e-05,1.0,0.7645687645687645,0.06377840042114258
365,366,4.1700032990649984e-05,1.0,0.7902097902097902,0.054331302642822266
366,367,5.490150046468123e-05,1.0,0.7902097902097902,0.05256366729736328
367,368,4.2096123614356474e-05,1.0,0.7902097902097902,0.0546414852142334
368,369,3.1211341058776676e-05,1.0,0.7902097902097902,0.06250596046447754
369,370,3.939873524234339e-05,1.0,0.8088578088578089,0.05213117599487305
370,371,3.549449774903648e-05,1.0,0.8065268065268065,0.05755901336669922
371,372,4.06483785025135e-05,1.0,0.8275058275058275,0.05908489227294922
372,373,3.45802727158056e-05,1.0,0.8228438228438228,0.0519556999206543
373,374,1.717474892666099e-05,1.0,0.8228438228438228,0.05666303634643555
374,375,2.129131679244361e-05,1.0,0.8251748251748252,0.06129646301269531
375,376,1.9610611779247023e-05,1.0,0.8275058275058275,0.0527040958404541
376,377,2.202001432981609e-05,1.0,0.8275058275058275,0.05351877212524414
377,378,2.640573692142451e-05,1.0,0.8251748251748252,0.05614638328552246
378,379,1.6974661176367783e-05,1.0,0.8228438228438228,0.05772662162780762
379,380,2.3504250641527953e-05,1.0,0.8414918414918415,0.0590672492980957
380,381,3.781437107967613e-05,1.0,0.8461538461538461,0.06888437271118164
381,382,2.5233293197686145e-05,1.0,0.8275058275058275,0.05380988121032715
382,383,3.133097297930957e-05,1.0,0.8275058275058275,0.058525800704956055
383,384,0.00011468040379949106,0.997134670487106,0.8088578088578089,0.05460476875305176
384,385,4.1236848030692994e-05,1.0,0.8041958041958042,0.049559831619262695
385,386,2.24080396066273e-05,1.0,0.7995337995337995,0.05039381980895996
386,387,5.1940407038247347e-05,1.0,0.7995337995337995,0.06543588638305664
387,388,7.672915882284201e-05,1.0,0.8041958041958042,0.0587315559387207
388,389,8.049345926186843e-05,1.0,0.7948717948717948,0.053423166275024414
389,390,7.702514127612028e-05,1.0,0.7738927738927739,0.06379461288452148
390,391,8.847267616454801e-05,1.0,0.7878787878787878,0.057674407958984375
391,392,6.018103638071471e-05,1.0,0.7668997668997669,0.05274558067321777
392,393,3.929599955475177e-05,1.0,0.7785547785547785,0.0607304573059082
393,394,6.446739232413107e-05,1.0,0.7832167832167832,0.054747581481933594
394,395,3.2688839291689386e-05,1.0,0.7995337995337995,0.05236482620239258
395,396,0.00014584905395876712,0.994269340974212,0.745920745920746,0.05812430381774902
396,397,7.112816117575825e-05,1.0,0.7762237762237763,0.06299304962158203
397,398,9.37809606608441e-05,1.0,0.7622377622377622,0.056607723236083984
398,399,0.0002240359444267258,0.997134670487106,0.7552447552447552,0.0641942024230957
399,400,6.580534911471657e-05,1.0,0.7622377622377622,0.049570322036743164
400,401,0.0001221325683452851,1.0,0.745920745920746,0.0565793514251709
401,402,0.00030726300289635585,0.994269340974212,0.7249417249417249,0.05909276008605957
402,403,0.00016919155418339125,0.997134670487106,0.7482517482517482,0.058496952056884766
403,404,0.0003025591397460518,0.9914040114613181,0.7692307692307693,0.05664181709289551
404,405,0.00019071721084906924,0.997134670487106,0.7575757575757576,0.05414438247680664
405,406,0.00042009836344320575,0.9914040114613181,0.7785547785547785,0.06360745429992676
406,407,0.0001940587515486431,1.0,0.7599067599067599,0.05508899688720703
407,408,0.0003307733289833397,0.994269340974212,0.7692307692307693,0.05701947212219238
408,409,0.00011733502688628213,1.0,0.7692307692307693,0.062452077865600586
409,410,0.00018164548051562214,0.997134670487106,0.7738927738927739,0.05327725410461426
410,411,0.0002549181513509641,0.997134670487106,0.7878787878787878,0.05486941337585449
411,412,0.00013328015732240028,1.0,0.7715617715617715,0.0614619255065918
412,413,9.686065928471463e-05,1.0,0.7785547785547785,0.05064129829406738
413,414,0.00012879846764349493,1.0,0.7645687645687645,0.058600664138793945
414,415,0.00010235817104919592,1.0,0.7762237762237763,0.055666208267211914
415,416,6.464900873217165e-05,1.0,0.8298368298368298,0.055654048919677734
416,417,0.00010368173220128162,1.0,0.8228438228438228,0.048470497131347656
417,418,6.30599505969865e-05,1.0,0.8251748251748252,0.06221652030944824
418,419,5.299162371804602e-05,1.0,0.8275058275058275,0.060529232025146484
419,420,7.999062779650391e-05,1.0,0.8251748251748252,0.053774356842041016
420,421,3.473732215525812e-05,1.0,0.8275058275058275,0.06264400482177734
421,422,6.353896128595473e-05,1.0,0.8228438228438228,0.05155229568481445
422,423,0.00019994734140662716,0.997134670487106,0.7762237762237763,0.051399946212768555
423,424,5.156082454081465e-05,1.0,0.7715617715617715,0.06364846229553223
424,425,9.026301939328625e-05,1.0,0.7692307692307693,0.05422639846801758
425,426,0.00018898958679192557,0.997134670487106,0.7808857808857809,0.05382084846496582
426,427,6.581063717230086e-05,1.0,0.7808857808857809,0.062067508697509766
427,428,5.931169145545765e-05,1.0,0.7878787878787878,0.05593609809875488
428,429,5.702799343554714e-05,1.0,0.7902097902097902,0.05718111991882324
429,430,5.3618033549996535e-05,1.0,0.7925407925407926,0.049840688705444336
430,431,0.00011776148673162975,1.0,0.7925407925407926,0.056029558181762695
431,432,5.706040359457106e-05,1.0,0.7855477855477856,0.0489497184753418
432,433,5.5571047343676614e-05,1.0,0.7785547785547785,0.06164908409118652
433,434,2.286029912205813e-05,1.0,0.7808857808857809,0.054847002029418945
434,435,4.476082263071421e-05,1.0,0.7808857808857809,0.05051732063293457
435,436,0.00010776508917743847,1.0,0.7855477855477856,0.06240582466125488
436,437,3.904521960316808e-05,1.0,0.7948717948717948,0.052283287048339844
437,438,4.936526776331458e-05,1.0,0.7925407925407926,0.05025649070739746
438,439,0.00012678063653388132,0.997134670487106,0.7878787878787878,0.05808877944946289
439,440,4.4248730476604064e-05,1.0,0.7902097902097902,0.061490535736083984
440,441,2.3358152081181208e-05,1.0,0.7902097902097902,0.05295872688293457
441,442,0.00010744933630032919,0.997134670487106,0.7925407925407926,0.0573575496673584
442,443,7.472883037326159e-05,1.0,0.7902097902097902,0.05928325653076172
443,444,0.00012504164447052602,0.997134670487106,0.7972027972027972,0.051641225814819336
444,445,9.225611875159266e-05,1.0,0.7855477855477856,0.05647444725036621
445,446,0.00011621533498103946,1.0,0.7599067599067599,0.06075453758239746
446,447,8.847983954287531e-05,1.0,0.7599067599067599,0.05494260787963867
447,448,5.452422942848807e-05,1.0,0.7575757575757576,0.05728578567504883
448,449,0.00013438980815595918,0.997134670487106,0.7622377622377622,0.06061816215515137
449,450,0.00015451337069401086,0.997134670487106,0.7738927738927739,0.05429792404174805
450,451,4.660028578676176e-05,1.0,0.7552447552447552,0.05349111557006836
451,452,9.521989506752067e-05,1.0,0.7249417249417249,0.05945587158203125
452,453,0.00011653976580314872,0.997134670487106,0.7575757575757576,0.049361467361450195
453,454,0.00014061722664274597,1.0,0.7692307692307693,0.05644059181213379
454,455,0.00017441073259109242,0.997134670487106,0.7645687645687645,0.05600428581237793
455,456,7.846270505082727e-05,1.0,0.7575757575757576,0.05405569076538086
456,457,0.0002839544168900282,0.997134670487106,0.7668997668997669,0.0586550235748291
457,458,0.0005164894006511244,0.9856733524355301,0.7972027972027972,0.05582833290100098
458,459,0.000584668254367687,0.9856733524355301,0.7365967365967366,0.06092977523803711
459,460,0.00017487126626714765,1.0,0.752913752913753,0.056784629821777344
460,461,0.00025596715947533063,0.997134670487106,0.7552447552447552,0.05661916732788086
461,462,0.0003800448030233383,0.994269340974212,0.7202797202797203,0.053795576095581055
462,463,0.0002323184335833805,0.997134670487106,0.7296037296037297,0.0502469539642334
463,464,0.00019494507376392796,0.997134670487106,0.752913752913753,0.05779528617858887
464,465,0.00030889838031976136,0.994269340974212,0.7319347319347319,0.057587385177612305
465,466,0.00036506426859550967,0.994269340974212,0.7715617715617715,0.05006146430969238
466,467,0.00020647952920172823,0.997134670487106,0.7319347319347319,0.0632779598236084
467,468,0.0002200109897485606,0.997134670487106,0.7435897435897436,0.050994873046875
468,469,0.00010225394331078902,1.0,0.7296037296037297,0.04894876480102539
469,470,0.00022776791209456402,1.0,0.7272727272727273,0.05853271484375
470,471,0.0002767165160783297,0.994269340974212,0.7622377622377622,0.05418539047241211
471,472,0.0002157645510845847,0.997134670487106,0.7668997668997669,0.05557560920715332
472,473,6.956503030051474e-05,1.0,0.7622377622377622,0.05458879470825195
473,474,7.849815234883467e-05,1.0,0.7622377622377622,0.05880618095397949
474,475,0.00013383854491460034,0.997134670487106,0.7668997668997669,0.055200815200805664
475,476,7.436510220831821e-05,1.0,0.7482517482517482,0.05682849884033203
476,477,0.00018143128266125746,0.997134670487106,0.7505827505827506,0.061162710189819336
477,478,8.178293274016384e-05,1.0,0.7412587412587412,0.0526888370513916
478,479,0.0001688436931933151,0.994269340974212,0.7412587412587412,0.05792236328125
479,480,7.590213970662786e-05,1.0,0.7552447552447552,0.054595947265625
480,481,7.520622559115932e-05,1.0,0.752913752913753,0.05800962448120117
481,482,5.925456588997113e-05,1.0,0.7552447552447552,0.054213762283325195
482,483,9.448134392382508e-05,1.0,0.7575757575757576,0.057195186614990234
483,484,4.018381915794402e-05,1.0,0.7482517482517482,0.05739426612854004
484,485,3.428019454467903e-05,1.0,0.7482517482517482,0.04925227165222168
485,486,5.055101619056696e-05,1.0,0.7435897435897436,0.05847287178039551
486,487,7.55723120836824e-05,1.0,0.745920745920746,0.05707526206970215
487,488,2.1262382414661624e-05,1.0,0.7482517482517482,0.05035996437072754
488,489,6.386234970725966e-05,1.0,0.7505827505827506,0.06368660926818848
489,490,5.235284017158784e-05,1.0,0.7482517482517482,0.05746722221374512
490,491,2.8532465725048394e-05,1.0,0.7692307692307693,0.04992938041687012
491,492,2.805871924353406e-05,1.0,0.7645687645687645,0.0634317398071289
492,493,1.743545737064158e-05,1.0,0.7645687645687645,0.05272340774536133
493,494,4.08361567501886e-05,1.0,0.7575757575757576,0.057218313217163086
494,495,4.185361181916856e-05,1.0,0.7692307692307693,0.0633394718170166
495,496,4.01276224132702e-05,1.0,0.7715617715617715,0.053597450256347656
496,497,2.1527407065108633e-05,1.0,0.7668997668997669,0.052373647689819336
497,498,2.700064189860165e-05,1.0,0.7482517482517482,0.05725717544555664
498,499,5.6585123032641015e-05,1.0,0.7599067599067599,0.055765628814697266
499,500,2.833552719267315e-05,1.0,0.7482517482517482,0.05556488037109375
